Index,System Time,Time Stamp,Channel,Direction,Frame ID,Type,Format,DLC,Data
00000,="23:10:52,970",0x77E4388,ch1,Receive,0x07D6,Data,Standard,0x08,x| AA BB CC DD 11 22 33 44 
00001,="23:10:53,960",0x77E6AA0,ch1,Receive,0x07D6,Data,Standard,0x08,x| AA BB CC DD 11 22 33 44 
00002,="23:10:54,978",0x77E91A3,ch1,Receive,0x07D6,Data,Standard,0x08,x| AA BB CC DD 11 22 33 44 
00003,="23:10:55,968",0x77EB8A7,ch1,Receive,0x07D6,Data,Standard,0x08,x| AA BB CC DD 11 22 33 44 
00004,="23:10:56,959",0x77EDFAB,ch1,Receive,0x07D6,Data,Standard,0x08,x| AA BB CC DD 11 22 33 44 
00005,="23:10:57,979",0x77F06C2,ch1,Receive,0x07D6,Data,Standard,0x08,x| AA BB CC DD 11 22 33 44 
00006,="23:10:58,969",0x77F2DC6,ch1,Receive,0x07D6,Data,Standard,0x08,x| AA BB CC DD 11 22 33 44 
00007,="23:10:59,959",0x77F54C9,ch1,Receive,0x07D6,Data,Standard,0x08,x| AA BB CC DD 11 22 33 44 
00008,="23:11:00,979",0x77F7BCD,ch1,Receive,0x07D6,Data,Standard,0x08,x| AA BB CC DD 11 22 33 44 
00009,="23:11:01,969",0x77FA2E5,ch1,Receive,0x07D6,Data,Standard,0x08,x| AA BB CC DD 11 22 33 44 
00010,="23:11:02,959",0x77FC9E8,ch1,Receive,0x07D6,Data,Standard,0x08,x| AA BB CC DD 11 22 33 44 
00011,="23:11:03,979",0x77FF0EC,ch1,Receive,0x07D6,Data,Standard,0x08,x| AA BB CC DD 11 22 33 44 
00012,="23:11:04,970",0x78017F0,ch1,Receive,0x07D6,Data,Standard,0x08,x| AA BB CC DD 11 22 33 44 
00013,="23:11:05,959",0x7803F07,ch1,Receive,0x07D6,Data,Standard,0x08,x| AA BB CC DD 11 22 33 44 
00014,="23:11:09,169",0x780BBE9,ch1,Receive,0x0016,Data,Standard,0x08,x| AA BB CC DD 11 22 33 44 
00015,="23:11:10,189",0x780E351,ch1,Receive,0x0016,Data,Standard,0x08,x| AA BB CC DD 11 22 33 44 
00016,="23:11:11,180",0x7810AAF,ch1,Receive,0x0056,Data,Standard,0x08,x| AA BB CC DD 11 22 33 44 
00017,="23:11:12,199",0x781320C,ch1,Receive,0x07D6,Data,Standard,0x08,x| AA BB CC DD 11 22 33 44 
00018,="23:11:13,190",0x7815910,ch1,Receive,0x07D6,Data,Standard,0x08,x| AA BB CC DD 11 22 33 44 
00019,="23:11:14,209",0x7818027,ch1,Receive,0x07D6,Data,Standard,0x08,x| AA BB CC DD 11 22 33 44 
00020,="23:11:15,199",0x781A72B,ch1,Receive,0x07D6,Data,Standard,0x08,x| AA BB CC DD 11 22 33 44 
00021,="23:11:16,188",0x781CE2F,ch1,Receive,0x07D6,Data,Standard,0x08,x| AA BB CC DD 11 22 33 44 
00022,="23:11:17,209",0x781F532,ch1,Receive,0x07D6,Data,Standard,0x08,x| AA BB CC DD 11 22 33 44 
00023,="23:11:18,199",0x7821C4A,ch1,Receive,0x07D6,Data,Standard,0x08,x| AA BB CC DD 11 22 33 44 
00024,="23:11:19,219",0x782434E,ch1,Receive,0x07D6,Data,Standard,0x08,x| AA BB CC DD 11 22 33 44 
00025,="23:11:20,209",0x7826A51,ch1,Receive,0x07D6,Data,Standard,0x08,x| AA BB CC DD 11 22 33 44 
00026,="23:11:21,199",0x7829155,ch1,Receive,0x07D6,Data,Standard,0x08,x| AA BB CC DD 11 22 33 44 
00027,="23:11:22,218",0x782B86D,ch1,Receive,0x07D6,Data,Standard,0x08,x| AA BB CC DD 11 22 33 44 
00028,="23:11:23,209",0x782DF70,ch1,Receive,0x07D6,Data,Standard,0x08,x| AA BB CC DD 11 22 33 44 
00029,="23:11:24,199",0x7830674,ch1,Receive,0x07D6,Data,Standard,0x08,x| AA BB CC DD 11 22 33 44 
00030,="23:11:25,219",0x7832D77,ch1,Receive,0x07D6,Data,Standard,0x08,x| AA BB CC DD 11 22 33 44 
00031,="23:11:28,400",0x783AA6E,ch1,Receive,0x0016,Data,Standard,0x08,x| AA BB CC DD 11 22 33 44 
00032,="23:11:29,419",0x783D199,ch1,Receive,0x0016,Data,Standard,0x08,x| AA BB CC DD 11 22 33 44 
00033,="23:11:30,439",0x783F934,ch1,Receive,0x0056,Data,Standard,0x08,x| AA BB CC DD 11 22 33 44 
00034,="23:11:31,428",0x7842090,ch1,Receive,0x07D6,Data,Standard,0x08,x| AA BB CC DD 11 22 33 44 
00035,="23:11:32,449",0x7844794,ch1,Receive,0x07D6,Data,Standard,0x08,x| AA BB CC DD 11 22 33 44 
00036,="23:11:33,439",0x7846E98,ch1,Receive,0x07D6,Data,Standard,0x08,x| AA BB CC DD 11 22 33 44 
00037,="23:11:34,429",0x78495AF,ch1,Receive,0x07D6,Data,Standard,0x08,x| AA BB CC DD 11 22 33 44 
00038,="23:11:35,450",0x784BCB3,ch1,Receive,0x07D6,Data,Standard,0x08,x| AA BB CC DD 11 22 33 44 
00039,="23:11:36,440",0x784E3B7,ch1,Receive,0x07D6,Data,Standard,0x08,x| AA BB CC DD 11 22 33 44 
00040,="23:11:37,429",0x7850ABA,ch1,Receive,0x07D6,Data,Standard,0x08,x| AA BB CC DD 11 22 33 44 
00041,="23:11:38,449",0x78531D2,ch1,Receive,0x07D6,Data,Standard,0x08,x| AA BB CC DD 11 22 33 44 
00042,="23:11:39,439",0x78558D5,ch1,Receive,0x07D6,Data,Standard,0x08,x| AA BB CC DD 11 22 33 44 
00043,="23:11:40,428",0x7857FD9,ch1,Receive,0x07D6,Data,Standard,0x08,x| AA BB CC DD 11 22 33 44 
00044,="23:11:41,449",0x785A6DD,ch1,Receive,0x07D6,Data,Standard,0x08,x| AA BB CC DD 11 22 33 44 
00045,="23:11:42,439",0x785CDF4,ch1,Receive,0x07D6,Data,Standard,0x08,x| AA BB CC DD 11 22 33 44 
00046,="23:11:43,460",0x785F4F8,ch1,Receive,0x07D6,Data,Standard,0x08,x| AA BB CC DD 11 22 33 44 
00047,="23:11:44,449",0x7861BFC,ch1,Receive,0x07D6,Data,Standard,0x08,x| AA BB CC DD 11 22 33 44 
00048,="23:11:47,659",0x786991A,ch1,Receive,0x0016,Data,Standard,0x08,x| AA BB CC DD 11 22 33 44 
00049,="23:11:48,649",0x786C045,ch1,Receive,0x0016,Data,Standard,0x08,x| AA BB CC DD 11 22 33 44 
00050,="23:11:49,669",0x786E7A4,ch1,Receive,0x0056,Data,Standard,0x08,x| AA BB CC DD 11 22 33 44 
00051,="23:11:50,689",0x7870F3C,ch1,Receive,0x07D6,Data,Standard,0x08,x| AA BB CC DD 11 22 33 44 
00052,="23:11:51,679",0x7873640,ch1,Receive,0x07D6,Data,Standard,0x08,x| AA BB CC DD 11 22 33 44 
00053,="23:11:52,669",0x7875D44,ch1,Receive,0x07D6,Data,Standard,0x08,x| AA BB CC DD 11 22 33 44 
00054,="23:11:53,689",0x7878447,ch1,Receive,0x07D6,Data,Standard,0x08,x| AA BB CC DD 11 22 33 44 
00055,="23:11:54,679",0x787AB5F,ch1,Receive,0x07D6,Data,Standard,0x08,x| AA BB CC DD 11 22 33 44 
00056,="23:11:55,669",0x787D263,ch1,Receive,0x07D6,Data,Standard,0x08,x| AA BB CC DD 11 22 33 44 
00057,="23:11:56,689",0x787F966,ch1,Receive,0x07D6,Data,Standard,0x08,x| AA BB CC DD 11 22 33 44 
00058,="23:11:57,678",0x788206A,ch1,Receive,0x07D6,Data,Standard,0x08,x| AA BB CC DD 11 22 33 44 
00059,="23:11:58,669",0x7884781,ch1,Receive,0x07D6,Data,Standard,0x08,x| AA BB CC DD 11 22 33 44 
00060,="23:11:59,688",0x7886E85,ch1,Receive,0x07D6,Data,Standard,0x08,x| AA BB CC DD 11 22 33 44 
00061,="23:12:00,679",0x7889589,ch1,Receive,0x07D6,Data,Standard,0x08,x| AA BB CC DD 11 22 33 44 
00062,="23:12:01,669",0x788BC8C,ch1,Receive,0x07D6,Data,Standard,0x08,x| AA BB CC DD 11 22 33 44 
00063,="23:12:02,689",0x788E3A4,ch1,Receive,0x07D6,Data,Standard,0x08,x| AA BB CC DD 11 22 33 44 
00064,="23:12:03,680",0x7890AA8,ch1,Receive,0x07D6,Data,Standard,0x08,x| AA BB CC DD 11 22 33 44 
00065,="23:12:06,889",0x789878A,ch1,Receive,0x0016,Data,Standard,0x08,x| AA BB CC DD 11 22 33 44 
00066,="23:12:07,879",0x789AEB5,ch1,Receive,0x0016,Data,Standard,0x08,x| AA BB CC DD 11 22 33 44 
00067,="23:12:08,899",0x789D614,ch1,Receive,0x0056,Data,Standard,0x08,x| AA BB CC DD 11 22 33 44 
00068,="23:12:09,918",0x789FD71,ch1,Receive,0x07D6,Data,Standard,0x08,x| AA BB CC DD 11 22 33 44 
00069,="23:12:10,909",0x78A2488,ch1,Receive,0x07D6,Data,Standard,0x08,x| AA BB CC DD 11 22 33 44 
00070,="23:12:11,899",0x78A4B8C,ch1,Receive,0x07D6,Data,Standard,0x08,x| AA BB CC DD 11 22 33 44 
00071,="23:12:12,920",0x78A7290,ch1,Receive,0x07D6,Data,Standard,0x08,x| AA BB CC DD 11 22 33 44 
00072,="23:12:13,909",0x78A9993,ch1,Receive,0x07D6,Data,Standard,0x08,x| AA BB CC DD 11 22 33 44 
00073,="23:12:14,900",0x78AC0AB,ch1,Receive,0x07D6,Data,Standard,0x08,x| AA BB CC DD 11 22 33 44 
00074,="23:12:15,919",0x78AE7AE,ch1,Receive,0x07D6,Data,Standard,0x08,x| AA BB CC DD 11 22 33 44 
00075,="23:12:16,909",0x78B0EB2,ch1,Receive,0x07D6,Data,Standard,0x08,x| AA BB CC DD 11 22 33 44 
00076,="23:12:17,899",0x78B35B6,ch1,Receive,0x07D6,Data,Standard,0x08,x| AA BB CC DD 11 22 33 44 
00077,="23:12:18,919",0x78B5CCD,ch1,Receive,0x07D6,Data,Standard,0x08,x| AA BB CC DD 11 22 33 44 
00078,="23:12:19,910",0x78B83D1,ch1,Receive,0x07D6,Data,Standard,0x08,x| AA BB CC DD 11 22 33 44 
00079,="23:12:20,929",0x78BAAD5,ch1,Receive,0x07D6,Data,Standard,0x08,x| AA BB CC DD 11 22 33 44 
00080,="23:12:21,918",0x78BD1D8,ch1,Receive,0x07D6,Data,Standard,0x08,x| AA BB CC DD 11 22 33 44 
00081,="23:12:22,909",0x78BF8F0,ch1,Receive,0x07D6,Data,Standard,0x08,x| AA BB CC DD 11 22 33 44 
00082,="23:12:26,118",0x78C75D2,ch1,Receive,0x0016,Data,Standard,0x08,x| AA BB CC DD 11 22 33 44 
00083,="23:12:27,138",0x78C9D3A,ch1,Receive,0x0016,Data,Standard,0x08,x| AA BB CC DD 11 22 33 44 
00084,="23:12:28,129",0x78CC498,ch1,Receive,0x0056,Data,Standard,0x08,x| AA BB CC DD 11 22 33 44 
00085,="23:12:29,149",0x78CEBF5,ch1,Receive,0x07D6,Data,Standard,0x08,x| AA BB CC DD 11 22 33 44 
00086,="23:12:30,140",0x78D12F8,ch1,Receive,0x07D6,Data,Standard,0x08,x| AA BB CC DD 11 22 33 44 
00087,="23:12:31,158",0x78D3A10,ch1,Receive,0x07D6,Data,Standard,0x08,x| AA BB CC DD 11 22 33 44 
00088,="23:12:32,148",0x78D6114,ch1,Receive,0x07D6,Data,Standard,0x08,x| AA BB CC DD 11 22 33 44 
00089,="23:12:33,139",0x78D8817,ch1,Receive,0x07D6,Data,Standard,0x08,x| AA BB CC DD 11 22 33 44 
00090,="23:12:34,159",0x78DAF1B,ch1,Receive,0x07D6,Data,Standard,0x08,x| AA BB CC DD 11 22 33 44 
00091,="23:12:35,148",0x78DD633,ch1,Receive,0x07D6,Data,Standard,0x08,x| AA BB CC DD 11 22 33 44 
00092,="23:12:36,139",0x78DFD36,ch1,Receive,0x07D6,Data,Standard,0x08,x| AA BB CC DD 11 22 33 44 
00093,="23:12:37,159",0x78E243A,ch1,Receive,0x07D6,Data,Standard,0x08,x| AA BB CC DD 11 22 33 44 
00094,="23:12:38,149",0x78E4B3D,ch1,Receive,0x07D6,Data,Standard,0x08,x| AA BB CC DD 11 22 33 44 
00095,="23:12:39,140",0x78E7255,ch1,Receive,0x07D6,Data,Standard,0x08,x| AA BB CC DD 11 22 33 44 
00096,="23:12:40,159",0x78E9959,ch1,Receive,0x07D6,Data,Standard,0x08,x| AA BB CC DD 11 22 33 44 
00097,="23:12:41,150",0x78EC05D,ch1,Receive,0x07D6,Data,Standard,0x08,x| AA BB CC DD 11 22 33 44 
00098,="23:12:42,140",0x78EE760,ch1,Receive,0x07D6,Data,Standard,0x08,x| AA BB CC DD 11 22 33 44 
00099,="23:12:45,350",0x78F6456,ch1,Receive,0x0016,Data,Standard,0x08,x| AA BB CC DD 11 22 33 44 
00100,="23:12:46,369",0x78F8B82,ch1,Receive,0x0016,Data,Standard,0x08,x| AA BB CC DD 11 22 33 44 
00101,="23:12:47,359",0x78FB31C,ch1,Receive,0x0056,Data,Standard,0x08,x| AA BB CC DD 11 22 33 44 
00102,="23:12:48,380",0x78FDA79,ch1,Receive,0x07D6,Data,Standard,0x08,x| AA BB CC DD 11 22 33 44 
00103,="23:12:49,370",0x790017D,ch1,Receive,0x07D6,Data,Standard,0x08,x| AA BB CC DD 11 22 33 44 
00104,="23:12:50,390",0x7902880,ch1,Receive,0x07D6,Data,Standard,0x08,x| AA BB CC DD 11 22 33 44 
00105,="23:12:51,379",0x7904F98,ch1,Receive,0x07D6,Data,Standard,0x08,x| AA BB CC DD 11 22 33 44 
00106,="23:12:52,399",0x790769C,ch1,Receive,0x07D6,Data,Standard,0x08,x| AA BB CC DD 11 22 33 44 
00107,="23:12:53,388",0x7909D9F,ch1,Receive,0x07D6,Data,Standard,0x08,x| AA BB CC DD 11 22 33 44 
00108,="23:12:54,379",0x790C4A3,ch1,Receive,0x07D6,Data,Standard,0x08,x| AA BB CC DD 11 22 33 44 
00109,="23:12:55,398",0x790EBBB,ch1,Receive,0x07D6,Data,Standard,0x08,x| AA BB CC DD 11 22 33 44 
00110,="23:12:56,389",0x79112BE,ch1,Receive,0x07D6,Data,Standard,0x08,x| AA BB CC DD 11 22 33 44 
00111,="23:12:57,379",0x79139C2,ch1,Receive,0x07D6,Data,Standard,0x08,x| AA BB CC DD 11 22 33 44 
00112,="23:12:58,398",0x79160C5,ch1,Receive,0x07D6,Data,Standard,0x08,x| AA BB CC DD 11 22 33 44 
00113,="23:18:39,919",0x7C56DAF,ch1,Receive,0x07D6,Data,Standard,0x08,x| AA BB CC DD 11 22 33 44 
00114,="23:18:40,939",0x7C594B3,ch1,Receive,0x07D6,Data,Standard,0x08,x| AA BB CC DD 11 22 33 44 
00115,="23:18:41,930",0x7C5BBB7,ch1,Receive,0x07D6,Data,Standard,0x08,x| AA BB CC DD 11 22 33 44 
00116,="23:18:42,919",0x7C5E2BA,ch1,Receive,0x07D6,Data,Standard,0x08,x| AA BB CC DD 11 22 33 44 
00117,="23:18:43,939",0x7C609D2,ch1,Receive,0x07D6,Data,Standard,0x08,x| AA BB CC DD 11 22 33 44 
00118,="23:18:44,928",0x7C630D5,ch1,Receive,0x07D6,Data,Standard,0x08,x| AA BB CC DD 11 22 33 44 
00119,="23:18:45,918",0x7C657D9,ch1,Receive,0x07D6,Data,Standard,0x08,x| AA BB CC DD 11 22 33 44 
00120,="23:18:49,130",0x7C6D4F7,ch1,Receive,0x0016,Data,Standard,0x08,x| AA BB CC DD 11 22 33 44 
00121,="23:18:50,148",0x7C6FC23,ch1,Receive,0x0016,Data,Standard,0x08,x| AA BB CC DD 11 22 33 44 
00122,="23:18:51,138",0x7C72381,ch1,Receive,0x0056,Data,Standard,0x08,x| AA BB CC DD 11 22 33 44 
00123,="23:18:52,159",0x7C74B1A,ch1,Receive,0x07D6,Data,Standard,0x08,x| AA BB CC DD 11 22 33 44 
00124,="23:18:53,179",0x7C7721E,ch1,Receive,0x07D6,Data,Standard,0x08,x| AA BB CC DD 11 22 33 44 
00125,="23:18:54,170",0x7C79921,ch1,Receive,0x07D6,Data,Standard,0x08,x| AA BB CC DD 11 22 33 44 
00126,="23:18:55,159",0x7C7C025,ch1,Receive,0x07D6,Data,Standard,0x08,x| AA BB CC DD 11 22 33 44 
00127,="23:18:56,179",0x7C7E73D,ch1,Receive,0x07D6,Data,Standard,0x08,x| AA BB CC DD 11 22 33 44 
00128,="23:18:57,169",0x7C80E40,ch1,Receive,0x07D6,Data,Standard,0x08,x| AA BB CC DD 11 22 33 44 
00129,="23:18:58,160",0x7C83544,ch1,Receive,0x07D6,Data,Standard,0x08,x| AA BB CC DD 11 22 33 44 
00130,="23:18:59,179",0x7C85C47,ch1,Receive,0x07D6,Data,Standard,0x08,x| AA BB CC DD 11 22 33 44 
00131,="23:19:00,169",0x7C8835F,ch1,Receive,0x07D6,Data,Standard,0x08,x| AA BB CC DD 11 22 33 44 
00132,="23:19:01,159",0x7C8AA63,ch1,Receive,0x07D6,Data,Standard,0x08,x| AA BB CC DD 11 22 33 44 
00133,="23:19:02,179",0x7C8D166,ch1,Receive,0x07D6,Data,Standard,0x08,x| AA BB CC DD 11 22 33 44 
00134,="23:19:03,169",0x7C8F86A,ch1,Receive,0x07D6,Data,Standard,0x08,x| AA BB CC DD 11 22 33 44 
00135,="23:19:04,159",0x7C91F82,ch1,Receive,0x07D6,Data,Standard,0x08,x| AA BB CC DD 11 22 33 44 
00136,="23:19:05,179",0x7C94685,ch1,Receive,0x07D6,Data,Standard,0x08,x| AA BB CC DD 11 22 33 44 
00137,="23:19:08,359",0x7C9C368,ch1,Receive,0x0016,Data,Standard,0x08,x| AA BB CC DD 11 22 33 44 
00138,="23:19:09,379",0x7C9EA93,ch1,Receive,0x0016,Data,Standard,0x08,x| AA BB CC DD 11 22 33 44 
00139,="23:19:10,399",0x7CA11F2,ch1,Receive,0x0056,Data,Standard,0x08,x| AA BB CC DD 11 22 33 44 
00140,="23:19:11,388",0x7CA394E,ch1,Receive,0x07D6,Data,Standard,0x08,x| AA BB CC DD 11 22 33 44 
00141,="23:19:12,410",0x7CA6066,ch1,Receive,0x07D6,Data,Standard,0x08,x| AA BB CC DD 11 22 33 44 
00142,="23:19:13,398",0x7CA876A,ch1,Receive,0x07D6,Data,Standard,0x08,x| AA BB CC DD 11 22 33 44 
00143,="23:19:14,388",0x7CAAE6D,ch1,Receive,0x07D6,Data,Standard,0x08,x| AA BB CC DD 11 22 33 44 
00144,="23:19:15,410",0x7CAD571,ch1,Receive,0x07D6,Data,Standard,0x08,x| AA BB CC DD 11 22 33 44 
00145,="23:19:16,399",0x7CAFC89,ch1,Receive,0x07D6,Data,Standard,0x08,x| AA BB CC DD 11 22 33 44 
00146,="23:19:17,389",0x7CB238C,ch1,Receive,0x07D6,Data,Standard,0x08,x| AA BB CC DD 11 22 33 44 
00147,="23:19:18,408",0x7CB4A90,ch1,Receive,0x07D6,Data,Standard,0x08,x| AA BB CC DD 11 22 33 44 
00148,="23:19:19,400",0x7CB7193,ch1,Receive,0x07D6,Data,Standard,0x08,x| AA BB CC DD 11 22 33 44 
00149,="23:19:20,389",0x7CB98AB,ch1,Receive,0x07D6,Data,Standard,0x08,x| AA BB CC DD 11 22 33 44 
00150,="23:19:21,408",0x7CBBFAF,ch1,Receive,0x07D6,Data,Standard,0x08,x| AA BB CC DD 11 22 33 44 
00151,="23:19:23,389",0x7CC0DB6,ch1,Receive,0x07D6,Data,Standard,0x08,x| AA BB CC DD 11 22 33 44 
00152,="23:19:24,410",0x7CC34CE,ch1,Receive,0x07D6,Data,Standard,0x08,x| AA BB CC DD 11 22 33 44 
00153,="23:19:27,619",0x7CCB1B0,ch1,Receive,0x0016,Data,Standard,0x08,x| AA BB CC DD 11 22 33 44 
00154,="23:19:28,640",0x7CCD98F,ch1,Receive,0x07D6,Data,Standard,0x08,x| AA BB CC DD 11 22 33 44 
00155,="23:19:29,628",0x7CD0093,ch1,Receive,0x07D6,Data,Standard,0x08,x| AA BB CC DD 11 22 33 44 
00156,="23:19:30,619",0x7CD2797,ch1,Receive,0x07D6,Data,Standard,0x08,x| AA BB CC DD 11 22 33 44 
00157,="23:19:31,639",0x7CD4E9A,ch1,Receive,0x07D6,Data,Standard,0x08,x| AA BB CC DD 11 22 33 44 
00158,="23:19:32,629",0x7CD75B2,ch1,Receive,0x07D6,Data,Standard,0x08,x| AA BB CC DD 11 22 33 44 
00159,="23:19:33,619",0x7CD9CB5,ch1,Receive,0x07D6,Data,Standard,0x08,x| AA BB CC DD 11 22 33 44 
00160,="23:19:34,639",0x7CDC3B9,ch1,Receive,0x07D6,Data,Standard,0x08,x| AA BB CC DD 11 22 33 44 
00161,="23:19:35,629",0x7CDEABD,ch1,Receive,0x07D6,Data,Standard,0x08,x| AA BB CC DD 11 22 33 44 
00162,="23:19:36,618",0x7CE11D4,ch1,Receive,0x07D6,Data,Standard,0x08,x| AA BB CC DD 11 22 33 44 
00163,="23:19:37,639",0x7CE38D8,ch1,Receive,0x07D6,Data,Standard,0x08,x| AA BB CC DD 11 22 33 44 
00164,="23:19:38,629",0x7CE5FDC,ch1,Receive,0x07D6,Data,Standard,0x08,x| AA BB CC DD 11 22 33 44 
00165,="23:19:41,839",0x7CEDCFA,ch1,Receive,0x0016,Data,Standard,0x08,x| AA BB CC DD 11 22 33 44 
00166,="23:19:48,860",0x7CFEEDB,ch1,Receive,0x07D6,Data,Standard,0x08,x| AA BB CC DD 11 22 33 44 
00167,="23:19:49,849",0x7D015DF,ch1,Receive,0x07D6,Data,Standard,0x08,x| AA BB CC DD 11 22 33 44 
00168,="23:19:50,869",0x7D03CE2,ch1,Receive,0x07D6,Data,Standard,0x08,x| AA BB CC DD 11 22 33 44 
00169,="23:19:51,859",0x7D063E6,ch1,Receive,0x07D6,Data,Standard,0x08,x| AA BB CC DD 11 22 33 44 
00170,="23:19:52,849",0x7D08AFE,ch1,Receive,0x07D6,Data,Standard,0x08,x| AA BB CC DD 11 22 33 44 
00171,="23:19:53,869",0x7D0B201,ch1,Receive,0x07D6,Data,Standard,0x08,x| AA BB CC DD 11 22 33 44 
00172,="23:19:54,860",0x7D0D905,ch1,Receive,0x07D6,Data,Standard,0x08,x| AA BB CC DD 11 22 33 44 
00173,="23:19:55,848",0x7D10009,ch1,Receive,0x07D6,Data,Standard,0x08,x| AA BB CC DD 11 22 33 44 
00174,="23:19:59,059",0x7D17CFF,ch1,Receive,0x0016,Data,Standard,0x08,x| AA BB CC DD 11 22 33 44 
00175,="23:20:00,079",0x7D1A42A,ch1,Receive,0x0016,Data,Standard,0x08,x| AA BB CC DD 11 22 33 44 
00176,="23:20:01,068",0x7D1CBC5,ch1,Receive,0x0056,Data,Standard,0x08,x| AA BB CC DD 11 22 33 44 
00177,="23:20:02,089",0x7D1F322,ch1,Receive,0x07D6,Data,Standard,0x08,x| AA BB CC DD 11 22 33 44 
00178,="23:20:03,079",0x7D21A25,ch1,Receive,0x07D6,Data,Standard,0x08,x| AA BB CC DD 11 22 33 44 
00179,="23:20:04,098",0x7D24129,ch1,Receive,0x07D6,Data,Standard,0x08,x| AA BB CC DD 11 22 33 44 
00180,="23:20:05,090",0x7D26841,ch1,Receive,0x07D6,Data,Standard,0x08,x| AA BB CC DD 11 22 33 44 
00181,="23:20:06,079",0x7D28F44,ch1,Receive,0x07D6,Data,Standard,0x08,x| AA BB CC DD 11 22 33 44 
00182,="23:20:07,098",0x7D2B648,ch1,Receive,0x07D6,Data,Standard,0x08,x| AA BB CC DD 11 22 33 44 
00183,="23:20:08,088",0x7D2DD4B,ch1,Receive,0x07D6,Data,Standard,0x08,x| AA BB CC DD 11 22 33 44 
00184,="23:20:09,109",0x7D30463,ch1,Receive,0x07D6,Data,Standard,0x08,x| AA BB CC DD 11 22 33 44 
00185,="23:20:10,098",0x7D32B67,ch1,Receive,0x07D6,Data,Standard,0x08,x| AA BB CC DD 11 22 33 44 
00186,="23:20:11,089",0x7D3526A,ch1,Receive,0x07D6,Data,Standard,0x08,x| AA BB CC DD 11 22 33 44 
00187,="23:20:12,109",0x7D3796E,ch1,Receive,0x07D6,Data,Standard,0x08,x| AA BB CC DD 11 22 33 44 
00188,="23:20:13,099",0x7D3A086,ch1,Receive,0x07D6,Data,Standard,0x08,x| AA BB CC DD 11 22 33 44 
00189,="23:20:14,089",0x7D3C789,ch1,Receive,0x07D6,Data,Standard,0x08,x| AA BB CC DD 11 22 33 44 
00190,="23:20:15,108",0x7D3EE8D,ch1,Receive,0x07D6,Data,Standard,0x08,x| AA BB CC DD 11 22 33 44 
00191,="23:20:18,319",0x7D46BAB,ch1,Receive,0x0016,Data,Standard,0x08,x| AA BB CC DD 11 22 33 44 
00192,="23:20:20,329",0x7D4BA52,ch1,Receive,0x07D6,Data,Standard,0x08,x| AA BB CC DD 11 22 33 44 
00193,="23:20:21,319",0x7D4E16A,ch1,Receive,0x07D6,Data,Standard,0x08,x| AA BB CC DD 11 22 33 44 
00194,="23:20:22,310",0x7D5086D,ch1,Receive,0x07D6,Data,Standard,0x08,x| AA BB CC DD 11 22 33 44 
00195,="23:20:23,330",0x7D52F71,ch1,Receive,0x07D6,Data,Standard,0x08,x| AA BB CC DD 11 22 33 44 
00196,="23:20:24,320",0x7D55675,ch1,Receive,0x07D6,Data,Standard,0x08,x| AA BB CC DD 11 22 33 44 
00197,="23:20:25,310",0x7D57D8C,ch1,Receive,0x07D6,Data,Standard,0x08,x| AA BB CC DD 11 22 33 44 
00198,="23:20:26,328",0x7D5A490,ch1,Receive,0x07D6,Data,Standard,0x08,x| AA BB CC DD 11 22 33 44 
00199,="23:20:27,319",0x7D5CB94,ch1,Receive,0x07D6,Data,Standard,0x08,x| AA BB CC DD 11 22 33 44 
00200,="23:20:28,338",0x7D5F297,ch1,Receive,0x07D6,Data,Standard,0x08,x| AA BB CC DD 11 22 33 44 
00201,="23:20:29,328",0x7D619AF,ch1,Receive,0x07D6,Data,Standard,0x08,x| AA BB CC DD 11 22 33 44 
00202,="23:20:30,320",0x7D640B3,ch1,Receive,0x07D6,Data,Standard,0x08,x| AA BB CC DD 11 22 33 44 
00203,="23:20:35,539",0x7D70BB0,ch1,Receive,0x0016,Data,Standard,0x08,x| AA BB CC DD 11 22 33 44 
00204,="23:20:36,528",0x7D732DC,ch1,Receive,0x0016,Data,Standard,0x08,x| AA BB CC DD 11 22 33 44 
00205,="23:20:37,549",0x7D75A76,ch1,Receive,0x0056,Data,Standard,0x08,x| AA BB CC DD 11 22 33 44 
00206,="23:20:38,570",0x7D781D3,ch1,Receive,0x07D6,Data,Standard,0x08,x| AA BB CC DD 11 22 33 44 
00207,="23:20:39,558",0x7D7A8D6,ch1,Receive,0x07D6,Data,Standard,0x08,x| AA BB CC DD 11 22 33 44 
00208,="23:20:51,560",0x7D97D3E,ch1,Receive,0x07D6,Data,Standard,0x08,x| AA BB CC DD 11 22 33 44 
00209,="23:20:54,769",0x7D9FA5C,ch1,Receive,0x0016,Data,Standard,0x08,x| AA BB CC DD 11 22 33 44 
00210,="23:20:55,759",0x7DA2188,ch1,Receive,0x0016,Data,Standard,0x08,x| AA BB CC DD 11 22 33 44 
00211,="23:20:56,779",0x7DA48E6,ch1,Receive,0x0056,Data,Standard,0x08,x| AA BB CC DD 11 22 33 44 
00212,="23:20:57,799",0x7DA707F,ch1,Receive,0x07D6,Data,Standard,0x08,x| AA BB CC DD 11 22 33 44 
00213,="23:20:58,790",0x7DA9783,ch1,Receive,0x07D6,Data,Standard,0x08,x| AA BB CC DD 11 22 33 44 
00214,="23:20:59,809",0x7DABE86,ch1,Receive,0x07D6,Data,Standard,0x08,x| AA BB CC DD 11 22 33 44 
00215,="23:21:00,799",0x7DAE58A,ch1,Receive,0x07D6,Data,Standard,0x08,x| AA BB CC DD 11 22 33 44 
00216,="23:21:01,790",0x7DB0CA1,ch1,Receive,0x07D6,Data,Standard,0x08,x| AA BB CC DD 11 22 33 44 
00217,="23:21:02,808",0x7DB33A5,ch1,Receive,0x07D6,Data,Standard,0x08,x| AA BB CC DD 11 22 33 44 
00218,="23:21:03,798",0x7DB5AA9,ch1,Receive,0x07D6,Data,Standard,0x08,x| AA BB CC DD 11 22 33 44 
00219,="23:21:04,788",0x7DB81AC,ch1,Receive,0x07D6,Data,Standard,0x08,x| AA BB CC DD 11 22 33 44 
00220,="23:21:05,808",0x7DBA8C4,ch1,Receive,0x07D6,Data,Standard,0x08,x| AA BB CC DD 11 22 33 44 
00221,="23:21:06,798",0x7DBCFC8,ch1,Receive,0x07D6,Data,Standard,0x08,x| AA BB CC DD 11 22 33 44 
00222,="23:21:07,789",0x7DBF6CB,ch1,Receive,0x07D6,Data,Standard,0x08,x| AA BB CC DD 11 22 33 44 
00223,="23:21:08,810",0x7DC1DCF,ch1,Receive,0x07D6,Data,Standard,0x08,x| AA BB CC DD 11 22 33 44 
00224,="23:21:09,799",0x7DC44E7,ch1,Receive,0x07D6,Data,Standard,0x08,x| AA BB CC DD 11 22 33 44 
00225,="23:21:10,820",0x7DC6BEA,ch1,Receive,0x07D6,Data,Standard,0x08,x| AA BB CC DD 11 22 33 44 
00226,="23:21:13,999",0x7DCE8CC,ch1,Receive,0x0016,Data,Standard,0x08,x| AA BB CC DD 11 22 33 44 
00227,="23:21:15,018",0x7DD0FF8,ch1,Receive,0x0016,Data,Standard,0x08,x| AA BB CC DD 11 22 33 44 
00228,="23:21:16,009",0x7DD3756,ch1,Receive,0x0056,Data,Standard,0x08,x| AA BB CC DD 11 22 33 44 
00229,="23:21:17,030",0x7DD5EB3,ch1,Receive,0x07D6,Data,Standard,0x08,x| AA BB CC DD 11 22 33 44 
00230,="23:21:18,018",0x7DD85CB,ch1,Receive,0x07D6,Data,Standard,0x08,x| AA BB CC DD 11 22 33 44 
00231,="23:21:19,039",0x7DDACCE,ch1,Receive,0x07D6,Data,Standard,0x08,x| AA BB CC DD 11 22 33 44 
00232,="23:21:20,030",0x7DDD3D2,ch1,Receive,0x07D6,Data,Standard,0x08,x| AA BB CC DD 11 22 33 44 
00233,="23:21:21,018",0x7DDFAD6,ch1,Receive,0x07D6,Data,Standard,0x08,x| AA BB CC DD 11 22 33 44 
00234,="23:21:22,039",0x7DE21ED,ch1,Receive,0x07D6,Data,Standard,0x08,x| AA BB CC DD 11 22 33 44 
00235,="23:21:23,029",0x7DE48F1,ch1,Receive,0x07D6,Data,Standard,0x08,x| AA BB CC DD 11 22 33 44 
00236,="23:21:24,019",0x7DE6FF5,ch1,Receive,0x07D6,Data,Standard,0x08,x| AA BB CC DD 11 22 33 44 
00237,="23:21:25,039",0x7DE96F8,ch1,Receive,0x07D6,Data,Standard,0x08,x| AA BB CC DD 11 22 33 44 
00238,="23:21:26,028",0x7DEBE10,ch1,Receive,0x07D6,Data,Standard,0x08,x| AA BB CC DD 11 22 33 44 
00239,="23:21:27,019",0x7DEE514,ch1,Receive,0x07D6,Data,Standard,0x08,x| AA BB CC DD 11 22 33 44 
00240,="23:21:28,039",0x7DF0C17,ch1,Receive,0x07D6,Data,Standard,0x08,x| AA BB CC DD 11 22 33 44 
00241,="23:21:29,029",0x7DF331B,ch1,Receive,0x07D6,Data,Standard,0x08,x| AA BB CC DD 11 22 33 44 
00242,="23:21:30,049",0x7DF5A32,ch1,Receive,0x07D6,Data,Standard,0x08,x| AA BB CC DD 11 22 33 44 
00243,="23:21:33,229",0x7DFD715,ch1,Receive,0x0016,Data,Standard,0x08,x| AA BB CC DD 11 22 33 44 
00244,="23:21:34,249",0x7DFFEF4,ch1,Receive,0x07D6,Data,Standard,0x08,x| AA BB CC DD 11 22 33 44 
00245,="23:21:35,270",0x7E025F8,ch1,Receive,0x07D6,Data,Standard,0x08,x| AA BB CC DD 11 22 33 44 
00246,="23:21:36,259",0x7E04CFB,ch1,Receive,0x07D6,Data,Standard,0x08,x| AA BB CC DD 11 22 33 44 
00247,="23:21:37,248",0x7E073FF,ch1,Receive,0x07D6,Data,Standard,0x08,x| AA BB CC DD 11 22 33 44 
00248,="23:21:38,269",0x7E09B17,ch1,Receive,0x07D6,Data,Standard,0x08,x| AA BB CC DD 11 22 33 44 
00249,="23:21:39,259",0x7E0C21A,ch1,Receive,0x07D6,Data,Standard,0x08,x| AA BB CC DD 11 22 33 44 
00250,="23:21:40,250",0x7E0E91E,ch1,Receive,0x07D6,Data,Standard,0x08,x| AA BB CC DD 11 22 33 44 
00251,="23:21:41,269",0x7E11022,ch1,Receive,0x07D6,Data,Standard,0x08,x| AA BB CC DD 11 22 33 44 
00252,="23:21:42,259",0x7E13739,ch1,Receive,0x07D6,Data,Standard,0x08,x| AA BB CC DD 11 22 33 44 
00253,="23:21:43,249",0x7E15E3D,ch1,Receive,0x07D6,Data,Standard,0x08,x| AA BB CC DD 11 22 33 44 
00254,="23:21:44,270",0x7E18541,ch1,Receive,0x07D6,Data,Standard,0x08,x| AA BB CC DD 11 22 33 44 
00255,="23:21:45,258",0x7E1AC44,ch1,Receive,0x07D6,Data,Standard,0x08,x| AA BB CC DD 11 22 33 44 
00256,="23:21:46,250",0x7E1D35C,ch1,Receive,0x07D6,Data,Standard,0x08,x| AA BB CC DD 11 22 33 44 
00257,="23:21:47,269",0x7E1FA5F,ch1,Receive,0x07D6,Data,Standard,0x08,x| AA BB CC DD 11 22 33 44 
00258,="23:21:50,480",0x7E27742,ch1,Receive,0x0016,Data,Standard,0x08,x| AA BB CC DD 11 22 33 44 
00259,="23:21:51,468",0x7E29EE5,ch1,Receive,0x07D6,Data,Standard,0x08,x| AA BB CC DD 11 22 33 44 
00260,="23:21:52,488",0x7E2C5E9,ch1,Receive,0x07D6,Data,Standard,0x08,x| AA BB CC DD 11 22 33 44 
00261,="23:21:53,479",0x7E2ECED,ch1,Receive,0x07D6,Data,Standard,0x08,x| AA BB CC DD 11 22 33 44 
00262,="23:21:54,470",0x7E31404,ch1,Receive,0x07D6,Data,Standard,0x08,x| AA BB CC DD 11 22 33 44 
00263,="23:21:55,489",0x7E33B08,ch1,Receive,0x07D6,Data,Standard,0x08,x| AA BB CC DD 11 22 33 44 
00264,="23:21:56,480",0x7E3620B,ch1,Receive,0x07D6,Data,Standard,0x08,x| AA BB CC DD 11 22 33 44 
00265,="23:21:57,470",0x7E3890F,ch1,Receive,0x07D6,Data,Standard,0x08,x| AA BB CC DD 11 22 33 44 
00266,="23:21:58,490",0x7E3B027,ch1,Receive,0x07D6,Data,Standard,0x08,x| AA BB CC DD 11 22 33 44 
00267,="23:21:59,478",0x7E3D72A,ch1,Receive,0x07D6,Data,Standard,0x08,x| AA BB CC DD 11 22 33 44 
00268,="23:22:00,498",0x7E3FE2E,ch1,Receive,0x07D6,Data,Standard,0x08,x| AA BB CC DD 11 22 33 44 
00269,="23:22:01,489",0x7E42532,ch1,Receive,0x07D6,Data,Standard,0x08,x| AA BB CC DD 11 22 33 44 
00270,="23:22:02,480",0x7E44C49,ch1,Receive,0x07D6,Data,Standard,0x08,x| AA BB CC DD 11 22 33 44 
00271,="23:22:03,499",0x7E4734D,ch1,Receive,0x07D6,Data,Standard,0x08,x| AA BB CC DD 11 22 33 44 
00272,="23:22:04,489",0x7E49A50,ch1,Receive,0x07D6,Data,Standard,0x08,x| AA BB CC DD 11 22 33 44 
00273,="23:22:07,698",0x7E5176F,ch1,Receive,0x0016,Data,Standard,0x08,x| AA BB CC DD 11 22 33 44 
00274,="23:22:08,719",0x7E53F12,ch1,Receive,0x07D6,Data,Standard,0x08,x| AA BB CC DD 11 22 33 44 
00275,="23:22:09,710",0x7E56616,ch1,Receive,0x07D6,Data,Standard,0x08,x| AA BB CC DD 11 22 33 44 
00276,="23:22:10,699",0x7E58D2E,ch1,Receive,0x07D6,Data,Standard,0x08,x| AA BB CC DD 11 22 33 44 
00277,="23:22:11,719",0x7E5B431,ch1,Receive,0x07D6,Data,Standard,0x08,x| AA BB CC DD 11 22 33 44 
00278,="23:22:12,709",0x7E5DB35,ch1,Receive,0x07D6,Data,Standard,0x08,x| AA BB CC DD 11 22 33 44 
00279,="23:22:13,699",0x7E60238,ch1,Receive,0x07D6,Data,Standard,0x08,x| AA BB CC DD 11 22 33 44 
00280,="23:22:14,718",0x7E62950,ch1,Receive,0x07D6,Data,Standard,0x08,x| AA BB CC DD 11 22 33 44 
00281,="23:22:15,709",0x7E65054,ch1,Receive,0x07D6,Data,Standard,0x08,x| AA BB CC DD 11 22 33 44 
00282,="23:22:16,728",0x7E67757,ch1,Receive,0x07D6,Data,Standard,0x08,x| AA BB CC DD 11 22 33 44 
00283,="23:22:17,718",0x7E69E5B,ch1,Receive,0x07D6,Data,Standard,0x08,x| AA BB CC DD 11 22 33 44 
00284,="23:22:18,710",0x7E6C573,ch1,Receive,0x07D6,Data,Standard,0x08,x| AA BB CC DD 11 22 33 44 
00285,="23:22:19,728",0x7E6EC76,ch1,Receive,0x07D6,Data,Standard,0x08,x| AA BB CC DD 11 22 33 44 
00286,="23:22:20,719",0x7E7137A,ch1,Receive,0x07D6,Data,Standard,0x08,x| AA BB CC DD 11 22 33 44 
00287,="23:22:21,710",0x7E73A7D,ch1,Receive,0x07D6,Data,Standard,0x08,x| AA BB CC DD 11 22 33 44 
00288,="23:22:24,919",0x7E7B774,ch1,Receive,0x0016,Data,Standard,0x08,x| AA BB CC DD 11 22 33 44 
00289,="23:22:25,940",0x7E7DF17,ch1,Receive,0x07D6,Data,Standard,0x08,x| AA BB CC DD 11 22 33 44 
00290,="23:22:26,928",0x7E8062F,ch1,Receive,0x07D6,Data,Standard,0x08,x| AA BB CC DD 11 22 33 44 
00291,="23:22:27,948",0x7E82D33,ch1,Receive,0x07D6,Data,Standard,0x08,x| AA BB CC DD 11 22 33 44 
00292,="23:22:28,939",0x7E85436,ch1,Receive,0x07D6,Data,Standard,0x08,x| AA BB CC DD 11 22 33 44 
00293,="23:22:29,930",0x7E87B3A,ch1,Receive,0x07D6,Data,Standard,0x08,x| AA BB CC DD 11 22 33 44 
00294,="23:22:30,950",0x7E8A252,ch1,Receive,0x07D6,Data,Standard,0x08,x| AA BB CC DD 11 22 33 44 
00295,="23:22:31,938",0x7E8C955,ch1,Receive,0x07D6,Data,Standard,0x08,x| AA BB CC DD 11 22 33 44 
00296,="23:22:32,928",0x7E8F059,ch1,Receive,0x07D6,Data,Standard,0x08,x| AA BB CC DD 11 22 33 44 
00297,="23:22:33,949",0x7E9175C,ch1,Receive,0x07D6,Data,Standard,0x08,x| AA BB CC DD 11 22 33 44 
00298,="23:22:34,938",0x7E93E74,ch1,Receive,0x07D6,Data,Standard,0x08,x| AA BB CC DD 11 22 33 44 
00299,="23:22:35,930",0x7E96578,ch1,Receive,0x07D6,Data,Standard,0x08,x| AA BB CC DD 11 22 33 44 
00300,="23:22:36,949",0x7E98C7B,ch1,Receive,0x07D6,Data,Standard,0x08,x| AA BB CC DD 11 22 33 44 
00301,="23:22:37,940",0x7E9B37F,ch1,Receive,0x07D6,Data,Standard,0x08,x| AA BB CC DD 11 22 33 44 
00302,="23:22:38,929",0x7E9DA96,ch1,Receive,0x07D6,Data,Standard,0x08,x| AA BB CC DD 11 22 33 44 
00303,="23:22:42,138",0x7EA5779,ch1,Receive,0x0016,Data,Standard,0x08,x| AA BB CC DD 11 22 33 44 
00304,="23:22:43,160",0x7EA7F58,ch1,Receive,0x07D6,Data,Standard,0x08,x| AA BB CC DD 11 22 33 44 
00305,="23:22:44,179",0x7EAA65C,ch1,Receive,0x07D6,Data,Standard,0x08,x| AA BB CC DD 11 22 33 44 
00306,="23:22:45,168",0x7EACD60,ch1,Receive,0x07D6,Data,Standard,0x08,x| AA BB CC DD 11 22 33 44 
00307,="23:22:46,158",0x7EAF463,ch1,Receive,0x07D6,Data,Standard,0x08,x| AA BB CC DD 11 22 33 44 
00308,="23:22:47,180",0x7EB1B7B,ch1,Receive,0x07D6,Data,Standard,0x08,x| AA BB CC DD 11 22 33 44 
00309,="23:22:48,169",0x7EB427E,ch1,Receive,0x07D6,Data,Standard,0x08,x| AA BB CC DD 11 22 33 44 
00310,="23:22:49,159",0x7EB6982,ch1,Receive,0x07D6,Data,Standard,0x08,x| AA BB CC DD 11 22 33 44 
00311,="23:22:50,179",0x7EB9086,ch1,Receive,0x07D6,Data,Standard,0x08,x| AA BB CC DD 11 22 33 44 
00312,="23:22:51,168",0x7EBB79D,ch1,Receive,0x07D6,Data,Standard,0x08,x| AA BB CC DD 11 22 33 44 
00313,="23:22:52,159",0x7EBDEA1,ch1,Receive,0x07D6,Data,Standard,0x08,x| AA BB CC DD 11 22 33 44 
00314,="23:22:53,179",0x7EC05A5,ch1,Receive,0x07D6,Data,Standard,0x08,x| AA BB CC DD 11 22 33 44 
00315,="23:22:54,170",0x7EC2CA8,ch1,Receive,0x07D6,Data,Standard,0x08,x| AA BB CC DD 11 22 33 44 
00316,="23:22:55,159",0x7EC53C0,ch1,Receive,0x07D6,Data,Standard,0x08,x| AA BB CC DD 11 22 33 44 
00317,="23:22:56,179",0x7EC7AC4,ch1,Receive,0x07D6,Data,Standard,0x08,x| AA BB CC DD 11 22 33 44 
00318,="23:22:59,389",0x7ECF7A6,ch1,Receive,0x0016,Data,Standard,0x08,x| AA BB CC DD 11 22 33 44 
00319,="23:23:00,379",0x7ED1F49,ch1,Receive,0x07D6,Data,Standard,0x08,x| AA BB CC DD 11 22 33 44 
00320,="23:23:01,399",0x7ED464D,ch1,Receive,0x07D6,Data,Standard,0x08,x| AA BB CC DD 11 22 33 44 
00321,="23:23:02,389",0x7ED6D51,ch1,Receive,0x07D6,Data,Standard,0x08,x| AA BB CC DD 11 22 33 44 
00322,="23:23:03,379",0x7ED9468,ch1,Receive,0x07D6,Data,Standard,0x08,x| AA BB CC DD 11 22 33 44 
00323,="23:23:04,398",0x7EDBB6C,ch1,Receive,0x07D6,Data,Standard,0x08,x| AA BB CC DD 11 22 33 44 
